{
    "$schema": "https://schema.management.azure.com/schemas/2015-01-01/deploymentTemplate.json#",
    "contentVersion": "1.0.0.0",
    "parameters": {
      "sqlAdministratorLogin": {
        "type": "string",
        "metadata": {
          "description": "The administrator username of the SQL Server."
        }
      },
      "sqlAdministratorLoginPassword": {
        "type": "securestring",
        "metadata": {
          "description": "The administrator password of the SQL Server."
        }
      },
      "transparentDataEncryption": {
        "type": "string",
        "allowedValues": [
          "Enabled",
          "Disabled"
        ],
        "defaultValue": "Enabled",
        "metadata": {
          "description": "Enable or disable Transparent Data Encryption (TDE) for the database."
        }
      },
      "location": {
        "type": "string",
        "defaultValue": "[resourceGroup().location]",
        "metadata": {
          "description": "Location for all resources."
        }
      },
      "databaseName": {
          "type": "string",
          "defaultValue": "defaultDatabase001"
      }
    },
    "variables": {
      "sqlServerName": "[concat('sqlserver', resourceGroup().name)]",
      "databaseName": "[parameters('databaseName')]",
      "databaseEdition": "Basic",
      "databaseCollation": "SQL_Latin1_General_CP1_CI_AS",
      "databaseServiceObjectiveName": "Basic"
    },
    "resources": [
      {
        "name": "[variables('sqlServerName')]",
        "type": "Microsoft.Sql/servers",
        "apiVersion": "2014-04-01-preview",
        "location": "[parameters('location')]",
        "tags": {
          "displayName": "SqlServer"
        },
        "properties": {
          "administratorLogin": "[parameters('sqlAdministratorLogin')]",
          "administratorLoginPassword": "[parameters('sqlAdministratorLoginPassword')]",
          "version": "12.0"
        },
        "resources": [
          {
            "name": "[variables('databaseName')]",
            "type": "databases",
            "apiVersion": "2015-01-01",
            "location": "[parameters('location')]",
            "tags": {
              "displayName": "Database"
            },
            "properties": {
              "edition": "[variables('databaseEdition')]",
              "collation": "[variables('databaseCollation')]",
              "requestedServiceObjectiveName": "[variables('databaseServiceObjectiveName')]"
            },
            "dependsOn": [
              "[variables('sqlServerName')]"
            ],
            "resources": [
              {
                "comments": "Transparent Data Encryption",
                "name": "current",
                "type": "transparentDataEncryption",
                "apiVersion": "2014-04-01-preview",
                "properties": {
                  "status": "[parameters('transparentDataEncryption')]"
                },
                "dependsOn": [
                  "[variables('databaseName')]"
                ]
              }
            ]
          },
          {
            "name": "AllowAllMicrosoftAzureIps",
            "type": "firewallrules",
            "apiVersion": "2014-04-01",
            "location": "[parameters('location')]",
            "properties": {
              "endIpAddress": "0.0.0.0",
              "startIpAddress": "0.0.0.0"
            },
            "dependsOn": [
              "[variables('sqlServerName')]"
            ]
          }
        ]
      }
    ],
    "outputs": {
      "sqlServerFqdn": {
        "type": "string",
        "value": "[reference(concat('Microsoft.Sql/servers/', variables('sqlServerName'))).fullyQualifiedDomainName]"
      },
      "databaseName": {
        "type": "string",
        "value": "[variables('databaseName')]"
      },
      "DatabaseConnectionString": {
        "type": "string",
        "value": "[concat('Server=tcp:',reference(variables('sqlserverName')).fullyQualifiedDomainName,',1433;Initial Catalog=',variables('databaseName'),';Persist Security Info=False;User ID=',reference(variables('sqlserverName')).administratorLogin,';Password=',parameters('sqlAdministratorLoginPassword'),';MultipleActiveResultSets=False;Encrypt=True;TrustServerCertificate=False;Connection Timeout=30;')]"
      }
    }
  }